Team_Size,Budget,Tools,Complexity,Cost,Time
13,452032,3,3,876219,855
21,5329816,4,1,3777889,505
1,9585851,5,1,5946510,595
39,9346484,5,2,6662890,555
10,3142697,6,3,2475618,840
25,7675870,2,2,5335522,655
19,8000957,9,1,5415574,465
30,9028560,9,1,6252136,410
32,5434817,4,3,4260890,750
25,7770781,9,1,5397468,435
45,9998381,9,1,7134028,335
14,3744505,10,2,2876703,630
30,9234439,5,3,6515663,750
41,3230776,3,1,2903465,415
9,4954137,10,1,3402482,505
50,580003,8,1,1568001,320
8,5438291,8,1,3642974,530
34,2201060,4,2,2260636,590
3,4027226,8,2,2796335,705
7,928160,8,2,1016896,685
23,107576,8,3,944545,755
46,5413468,4,2,4428080,530
7,5557888,2,1,3604732,595
17,6953149,9,3,4946889,775
43,4501452,1,3,3875871,725
10,1927960,7,2,1661776,680
7,6217345,10,2,4220407,665
31,2595458,8,3,2597274,715
21,3041620,6,2,2534972,635
20,1577856,8,3,1766713,770
5,8491554,6,3,5584932,865
37,8638887,3,1,6068332,435
10,2477073,1,1,1801243,590
13,2900148,5,2,2275088,685
11,7540017,8,2,5064010,665
11,662532,8,1,837519,515
46,6665564,7,3,5324338,650
31,332113,2,2,1049267,625
33,8907269,3,3,6349361,755
13,8786095,6,3,5921657,825
33,1691744,9,1,1910046,395
47,7098982,7,3,5604389,645
37,2658015,1,2,2549809,605
20,9675518,4,1,6365310,510
3,8166905,3,3,5305143,905
39,1179860,9,1,1722916,365
34,2589563,3,1,2378737,450
33,7308286,2,1,5174971,465
45,5198620,5,1,4194172,375
49,4487972,3,2,3917783,525
34,1919763,1,2,2046857,620
16,534647,10,1,890788,470
5,8587685,4,1,5412611,585
39,3393870,5,3,3191322,705
30,1113433,8,2,1588059,570
44,177470,4,1,1146482,390
1,1259604,10,1,1025762,545
21,9588885,2,3,6503331,825
4,5243253,6,2,3515951,720
19,9125383,1,2,6070229,695
5,5540297,8,1,3644178,545
45,2283376,3,3,2615025,695
30,4132620,3,3,3424572,770
25,7359716,1,2,5130829,665
32,7883413,2,1,5500047,470
30,3977690,9,1,3221614,410
27,459626,1,1,930775,505
4,2195934,4,2,1657560,740
16,8421259,8,3,5792755,790
20,9300887,10,1,6230532,450
5,3385931,5,3,2506558,875
33,5824533,3,3,4499719,755
11,2557549,2,3,2084529,875
17,2069998,7,1,1786998,495
27,7353204,1,3,5266922,805
1,9946945,8,1,6208167,565
43,1194462,8,3,1996677,655
17,9849337,7,3,6654602,795
22,1742224,5,3,1860334,790
24,1395114,9,3,1752068,740
6,1675348,2,2,1355208,750
37,6394116,1,1,4691469,455
26,1013419,1,1,1243051,510
30,1843283,4,1,1865969,460
5,9798529,1,3,6294117,915
21,2019244,10,2,1981546,595
21,4301025,9,3,3435615,755
3,7383136,1,3,4804881,925
40,4770211,9,2,3997126,510
37,9127437,7,1,6421462,395
18,1586976,6,1,1502185,500
47,2148497,10,1,2479098,315
36,6266952,4,2,4740171,580
14,3713067,1,3,2822840,870
45,6073172,6,3,4933903,665
43,6057733,1,1,4609639,425
12,7300889,2,2,4850533,720
16,5459939,2,1,3725963,550
25,9302721,8,3,6501632,745
40,2813490,4,2,2748094,560
22,4365348,9,3,3494208,750
30,3500629,9,3,3135377,710
23,2554933,7,3,2397959,765
22,8672292,8,3,6063375,760
48,1366407,2,2,2009844,540
46,1781994,2,3,2319196,700
2,629263,8,3,837557,860
40,2732186,6,1,2629311,390
44,5992680,2,3,4805608,710
36,2851284,6,2,2720770,560
47,7191636,8,2,5574981,485
34,9417586,4,2,6590551,590
3,9922501,4,2,6273500,745
29,3074911,6,3,2814946,745
29,9548950,6,3,6699370,745
17,9367175,1,3,6275305,855
25,8721080,8,2,6052648,595
38,2086296,9,3,2446777,670
47,256012,4,1,1253607,375
45,9721660,4,1,6892996,385
13,4681288,2,1,3198772,565
28,7236559,2,3,5231935,790
33,5993320,2,2,4485992,615
32,4800269,3,2,3765161,610
49,9820136,8,1,7092081,325
41,5538837,5,1,4318302,395
18,2588093,9,2,2247855,620
40,8644756,2,1,6116853,430
17,9468776,10,2,6371265,615
39,465994,6,2,1349596,545
29,2561943,8,2,2437165,575
36,9837338,4,2,6882402,580
16,7076636,6,1,4755981,510
9,5397000,8,1,3638200,525
28,4451652,3,3,3575991,780
23,1493522,8,3,1776113,755
18,2971963,9,1,2378177,470
39,9829688,8,3,7097812,675
50,6382532,7,2,5134519,480
39,6311392,4,3,4926835,715
3,9838228,9,1,6197936,545
45,2326469,8,1,2515881,345
34,8744785,8,3,6346871,700
25,8946753,8,1,6088051,445
9,287251,9,3,787350,815
17,9070254,9,3,6217152,775
12,3698760,10,3,2909256,790
42,2471768,2,1,2453060,420
17,6252602,1,2,4306561,705
48,6245060,8,3,5127036,630
7,1520625,9,3,1487375,825
40,463962,4,2,1338377,560
30,1843224,5,2,1980934,600
33,3780179,5,2,3203107,585
10,9075307,6,2,5935184,690
9,7564479,8,3,5138687,825
28,5414971,3,2,4053982,630
27,3168776,3,1,2586265,485
25,6563146,2,3,4767887,805
9,1341965,2,1,1115179,585
14,5570763,4,1,3782457,540
2,7163470,5,3,4713082,890
2,6598324,7,2,4303994,720
28,1669070,2,3,1891442,790
23,8056634,2,1,5423980,515
35,5746511,4,3,4507906,735
23,5628912,3,2,4082347,655
33,1368185,10,1,1730911,385
45,6989875,2,3,5423925,705
10,3110102,9,2,2401061,660
50,9370233,1,1,6737139,390
49,9555807,4,2,6973484,515
17,4263445,8,1,3118067,485
30,8047647,4,1,5588588,460
22,396641,9,3,1112984,750
36,2720135,5,1,2527081,420
8,6312405,8,3,4367443,830
37,2954317,1,3,2827590,755
49,6556427,6,3,5303856,645
16,4438416,2,1,3113049,550
12,253073,5,3,766843,840
33,196013,6,1,967607,425
2,9894434,4,3,6336660,900
5,1463410,9,1,1213046,535
24,1420210,5,1,1507126,480
50,4419601,8,1,3871760,320
23,9126499,7,2,6240899,615
31,4234790,6,2,3450874,585
12,1491855,3,3,1480113,860
43,6232629,5,1,4774577,385
21,6842447,3,3,4870468,815
34,5512846,1,3,4302707,770
44,991382,8,3,1894829,650
32,685003,1,1,1166001,480
27,9983425,6,3,6920055,755
5,2316527,9,2,1824916,685
38,2352621,8,1,2391572,380
16,3094665,2,2,2406799,700
7,3842995,5,3,2820797,865
43,9078074,1,2,6521844,575
34,7738363,6,2,5613017,570
28,9707922,9,2,6719753,570
10,5908526,8,1,3965115,520
24,6620459,8,3,4872275,750
8,6329435,6,3,4347661,850
48,1865947,8,1,2299568,330
43,9154431,7,3,6757658,665
3,6347373,4,2,4128423,745
24,1586297,6,2,1721778,620
44,4977406,1,2,4081443,570
27,6006293,8,3,4563775,735
3,7837448,1,3,5077468,925
37,9069138,2,2,6411482,595
13,8953287,6,2,5921972,675
8,5230447,9,1,3533268,520
15,5775539,7,3,4170323,805
12,4845173,8,1,3367103,510
15,7785288,5,3,5346172,825
29,1949484,8,3,2169690,725
35,1913218,5,2,2122930,575
48,5754809,3,1,4557885,380
21,8509786,8,2,5845871,615
12,4862119,3,2,3402271,710
50,892328,8,1,1755396,320
32,7963634,5,2,5693180,590
31,8353471,4,1,5792082,455
11,1589796,1,1,1288877,585
36,6536291,7,2,4946774,550
49,4462893,4,3,4017735,665
35,1168261,6,2,1690956,565
45,4726672,6,2,4026003,515
41,7269499,8,2,5501699,515
13,6956396,6,1,4623837,525
29,1212080,5,2,1582248,605
30,3527137,6,2,3006282,590
20,7451057,3,3,5215634,820
29,5222784,8,3,4133670,725
39,2037025,6,1,2192215,395
28,5818720,8,2,4371232,580
47,9588238,9,1,6927942,325
9,9074514,7,3,6029708,835
12,5736799,4,2,3942079,700
38,755027,4,1,1373016,420
29,493980,1,3,1191388,795
32,9253711,7,2,6497226,570
13,6849447,5,1,4544668,535
30,7741018,3,1,5389610,470
15,5876284,1,1,3940770,565
25,9634293,2,3,6610575,805
16,8875302,1,1,5760181,560
20,9997279,9,2,6733367,610
24,3717995,3,1,2855797,500
47,9249514,7,2,6794708,495
29,9093676,8,2,6356205,575
22,7491798,8,3,5355078,760
32,4072839,3,2,3328703,610
36,181223,8,2,1148733,540
10,7247681,1,2,4763608,740
21,3392221,9,3,2890332,755
33,476641,8,1,1165984,405
4,7790237,10,3,5204142,830
5,1902590,1,2,1456554,765
41,5491550,7,2,4419930,525
39,8778911,10,1,6297346,355
16,5049355,7,1,3554613,500
16,2702834,2,1,2071700,550
22,2530863,4,2,2218517,650
9,4402259,1,3,3136355,895
43,9655943,6,1,6843565,375
4,7340323,6,3,4874193,870
42,9219881,9,3,6806928,650
24,2914529,10,2,2578717,580
30,7807373,3,2,5529423,620
42,9472623,9,1,6758573,350
20,8683942,6,1,5800365,490
25,245953,6,2,937571,615
9,1807640,10,3,1714584,805
15,6224386,10,3,4484631,775
37,8910532,5,2,6361319,565
2,2799595,1,2,1934757,780
4,2723299,4,2,1973979,740
5,9766746,2,1,6090047,605
12,2590256,3,1,1939153,560
35,8413535,10,3,6198121,675
18,3622772,9,1,2768663,470
13,6105425,4,3,4283255,845
31,8135715,9,3,5936429,705
28,7113306,9,1,5062983,420
36,4432832,8,1,3599699,390
4,1043287,2,3,1035972,910
17,1487244,2,3,1562346,845
39,432660,6,3,1429596,695
20,6609045,10,3,4815427,750
24,7285111,3,3,5196066,800
20,6618129,9,2,4705877,610
40,1257475,2,2,1784485,580
22,9260080,10,1,6246048,440
46,5021847,10,3,4383108,620
37,5394127,8,1,4196476,385
37,4319990,10,2,3681994,515
16,4514073,10,1,3278443,470
15,5979878,6,3,4277926,815
36,5166864,8,3,4240118,690
49,9758493,5,1,7010095,355
11,5977176,7,1,4011305,525
34,2300527,3,3,2405316,750
2,6709456,1,2,4280673,780
46,9940496,3,1,7029297,390
7,5825569,9,2,3970341,675
21,5473539,8,2,4024123,615
24,8452449,5,3,5926469,780
16,9647230,3,2,6353338,690
27,8487723,9,1,5867633,425
13,6691880,1,3,4590128,875
13,5161930,2,1,3487158,565
21,2060629,10,2,2006377,595
46,4311006,9,2,3841603,480
19,4340009,5,2,3259005,655
35,3350890,10,1,2960534,375
49,6911746,3,3,5472047,675
8,5635321,9,3,3976192,820
39,3706781,6,1,3194068,395
23,1847278,3,3,1913366,805
3,3491429,7,2,2459857,715
38,7447065,7,1,5433239,390
33,1598582,9,2,1954149,545
8,6427481,8,3,4436488,830
28,3083322,3,2,2654993,630
11,818409,1,1,826045,585
42,3948332,6,2,3498999,530
29,6362958,9,3,4832774,715
20,9902137,4,3,6701282,810
15,7738590,1,1,5058154,565
13,9843090,5,1,6340854,535
50,9559095,6,3,7125457,640
44,8723269,3,2,6358961,550
3,7641436,6,2,4934861,725
47,7226998,1,3,5591198,705
10,2268864,6,2,1851318,690
43,4043151,1,3,3600890,725
20,311468,6,1,776880,490
50,4323144,9,3,4028886,610
25,4708418,9,2,3660050,585
19,2803480,2,3,2392088,835
18,2873539,4,2,2344123,670
26,4898308,7,3,3863984,750
14,4337042,4,1,3042225,540
2,8198630,9,2,5294178,700
44,7612597,1,3,5762558,720
7,3456410,2,3,2543846,895
46,5726398,4,1,4515838,380
29,7621237,3,3,5497742,775
40,6302532,2,1,4711519,430
31,3681303,7,2,3133781,575
20,1267504,10,1,1410502,450
6,1631530,6,3,1488918,860
3,7817030,8,3,5170218,855
33,3936011,2,3,3351606,765
4,9621314,4,2,6112788,740
13,4292947,6,2,3125768,675
25,4358117,6,3,3504870,765
7,8176644,10,2,5395986,665
26,3630214,1,1,2813128,510
5,4768360,7,3,3366016,855
27,824307,4,3,1394584,775
25,4613413,4,1,3428047,485
44,5768778,4,3,4701266,690
47,482861,8,1,1449716,335
50,9791266,1,3,7189759,690
37,3459808,5,1,2990884,415
10,5017295,10,3,3660377,800
5,8183633,9,2,5345179,685
3,8637379,2,1,5372427,615
46,8467457,1,3,6315474,710
15,3175671,9,1,2440402,485
37,792183,10,1,1465309,365
49,2063532,2,1,2348119,385
32,7570496,9,1,5417297,400
16,4841742,8,3,3645045,790
6,4011327,6,2,2816796,710
42,2729568,9,1,2712740,350
30,9819020,9,3,6926412,710
10,3108565,1,1,2180139,590
16,9232733,4,2,6119639,680
29,1757941,8,1,1854764,425
11,8813819,6,3,5898291,835
1,6681513,10,3,4478907,845
42,9391275,5,2,6749765,540
6,9299205,4,3,6059523,880
35,6704436,5,3,5097661,725
21,6611992,8,2,4707195,615
35,8641894,2,1,6015136,455
22,3981968,3,1,2974180,510
34,7640323,8,1,5484193,400
2,787287,6,1,702372,580
10,9971652,2,2,6412991,730
28,6898733,8,1,4919239,430
37,1654647,7,2,2037788,545
17,8038291,8,3,5582974,785
31,8747424,5,3,6243454,745
7,8955878,2,1,5643526,595
11,3227094,4,1,2316256,555
1,9010864,5,2,5701518,745
40,1664909,8,3,2218945,670
40,1763635,10,3,2308181,650
41,1549884,4,3,2109930,705
42,1370966,1,2,1877579,580
25,3325608,5,2,2770364,625
18,3701230,6,1,2770738,500
13,7287896,10,2,4982737,635
29,9947401,4,3,6908440,765
9,7581717,8,2,5049030,675
25,2916166,5,1,2424699,475
13,9222875,3,2,6038725,705
6,9390723,1,1,5869433,610
8,6966956,10,3,4790173,810
50,6448311,7,1,5073986,330
19,8693216,1,3,5910929,845
32,5000244,1,3,3955146,780
30,7321501,4,3,5352900,760
24,6004464,10,1,4332678,430
12,7148381,1,2,4744028,730
22,4503273,6,3,3531963,780
43,5808107,1,1,4459864,425
1,2495695,6,1,1707417,585
16,7744419,6,1,5156651,510
42,7756804,6,2,5784082,530
5,6123852,4,2,4034311,735
50,2482044,1,2,2704226,540
46,3985224,2,3,3641134,700
41,473202,1,1,1218921,435
32,3639236,9,1,3058541,400
14,7674558,9,3,5319734,790
48,610521,2,3,1656312,690
44,9101590,4,1,6500954,390
8,8067095,7,1,5205257,540
35,9621289,7,1,6677773,405
17,8031234,7,1,5363740,495
16,644673,6,2,996803,660
45,6299770,7,1,4884862,355
48,940745,10,1,1774447,310
47,1177341,7,3,2051404,645
11,1960499,7,1,1601299,525
21,4623217,10,2,3543930,595
49,8339037,2,3,6313422,685
12,2153829,8,2,1852297,660
20,1553038,7,3,1736822,780
15,2083123,3,2,1794873,695
6,5786318,1,1,3706790,610
4,1903738,6,1,1412242,570
30,3432891,1,2,2874734,640
17,4578018,7,2,3391810,645
34,2520091,2,1,2322054,460
39,3141221,2,3,2994732,735
25,4034296,3,2,3165577,645
31,5860152,5,3,4511091,745
3,9820523,4,1,6112313,595
30,6151230,6,3,4680738,740
25,1415104,6,3,1739062,765
3,6031396,4,3,4038837,895
41,6836168,2,2,5151700,575
36,4329799,6,3,3707879,710
18,7477283,8,1,5066369,480
27,6415349,6,2,4679209,605
14,5249916,7,3,3834949,810
2,3628597,9,1,2452158,550
18,2353765,2,3,2102259,840
39,2177663,7,1,2291597,385
1,3639005,5,2,2478403,745
18,971624,4,2,1202974,670
39,4192305,3,2,3540383,575
50,5748768,7,1,4654260,330
35,4078587,2,2,3377152,605
41,152719,3,2,1156631,565
11,2584126,3,2,2015475,715
30,1152785,8,2,1611671,570
21,8987365,1,3,6127419,835
28,4434616,9,1,3455769,420
6,5506446,10,2,3773867,670
5,8742401,7,2,5650440,705
34,5631293,3,2,4303775,600
19,7361752,8,1,5017051,475
34,7195751,9,3,5432450,690
33,8045994,9,3,5922596,695
50,9198517,3,1,6664110,370
20,8081660,10,3,5698996,750
12,3933527,8,3,3020116,810
40,542706,3,2,1370623,570
32,292798,3,1,960678,460
48,9521903,6,2,6963141,500
20,2485811,8,2,2211486,620
20,3938859,7,3,3168315,780
49,2075419,4,2,2485251,515
5,4929464,10,3,3507678,825
24,6327794,10,3,4726676,730
26,3508801,4,3,2985280,780
45,7291442,7,3,5679865,655
30,7019360,5,1,4986616,450
12,5705969,10,3,4113581,790
11,3118068,2,1,2220840,575
34,6004180,5,1,4457508,430
17,1365111,10,3,1609066,765
13,2063027,5,2,1772816,685
35,9248322,10,2,6598993,525
21,591370,7,2,1079822,625
10,5206167,7,3,3728700,830
1,4362226,5,3,3012335,895
10,5612111,8,2,3887266,670
38,7883830,2,1,5620298,440
22,3876847,8,3,3186108,760
18,5149440,9,3,3884664,770
43,429097,5,3,1492458,685
40,2520727,2,2,2542436,580
3,7597875,4,1,4778725,595
19,9209176,9,1,6140505,465
32,3767961,8,1,3120776,410
34,5237619,10,2,4172571,530
43,8069996,10,1,5951997,335
6,2082161,3,2,1614296,740
30,4404959,10,3,3692975,700
17,2577876,9,3,2321725,775
39,6809359,3,1,5010615,425
6,6273883,4,1,4044329,580
25,4790404,10,3,3824242,725
29,1154587,9,2,1607752,565
28,4975585,5,1,3720351,460
25,780075,2,1,1098045,505
44,7484665,5,3,5745799,680
34,2935627,7,1,2646376,410
28,4346677,10,1,3418006,410
42,707828,1,3,1579696,730
14,2893364,5,1,2191018,530
28,2210701,1,2,2101420,650
15,6296329,6,1,4267797,515
42,4013371,5,3,3623022,690
23,2783650,8,2,2450190,605
45,2322317,5,3,2668390,675
30,5327235,9,1,4031341,410
41,3875592,8,3,3565355,665
39,4601364,4,2,3800818,565
42,3454026,1,1,3027415,430
18,8900098,9,2,6035058,620
50,8523132,5,1,6288879,350
48,3889008,5,2,3568404,510
46,8933204,6,2,6569922,510
48,1101594,2,3,1950956,690
35,5321593,3,2,4137955,595
7,6933546,5,3,4675127,865
25,5533297,10,2,4169978,575
40,4612292,6,1,3757375,390
31,6241892,6,2,4655135,585
1,349557,10,1,479734,545
40,6452276,2,1,4801365,430
22,9374492,2,2,6294695,670
30,6669506,5,2,4876703,600
34,7544579,6,2,5496747,570
13,7704376,5,3,5257625,835
23,3329094,6,3,2847456,775
25,1942633,4,1,1825579,485
39,6746584,3,3,5172950,725
19,2283146,10,2,2099887,605
18,2818485,3,1,2196091,530
46,8023847,4,2,5994308,530
28,4136903,8,3,3462141,730
43,9920385,4,3,7172231,695
13,9305615,4,3,6203369,845
1,1313798,10,2,1158278,695
5,3866088,3,1,2564652,595
12,7081706,8,1,4709023,510
50,2491438,9,3,2929862,610
16,6577526,3,1,4411515,540
2,926963,6,2,886177,730
27,5306318,5,2,3998790,615
9,2124554,3,3,1799732,875
46,8955784,5,2,6568470,520
39,2219391,3,1,2256634,425
3,800240,5,3,915144,885
2,6784211,1,2,4325526,780
18,1801374,2,3,1770824,840
14,1669540,10,2,1631724,630
9,1552415,3,3,1456449,875
16,8455379,1,3,5708227,860
23,6983815,9,2,4985289,595
48,5794517,3,1,4581710,380
15,9733792,7,1,6345275,505
1,9608773,6,3,6175263,885
6,8919054,5,2,5746432,720
4,2955507,7,1,2058304,560
19,8567759,9,2,5855655,615
26,2336036,9,2,2256621,580
32,8188981,6,2,5843388,580
21,6729396,3,3,4802637,815
20,4035419,7,1,3026251,480
41,887638,5,2,1627582,545
14,8056942,3,3,5459165,850
46,3141126,8,2,3124675,490
32,6772046,2,1,4833227,470
45,3424650,1,2,3169790,565
31,3402313,10,3,3111387,695
31,650767,9,3,1445460,705
6,5937973,6,1,3872783,560
26,4713982,2,2,3578389,650
38,4564883,6,1,3688929,400
20,8806150,2,2,5913690,680
50,6876839,5,2,5401103,500
15,2314481,2,1,1818688,555
25,8149135,8,1,5609481,445
28,1533155,10,3,1929893,710
11,6774604,9,1,4519762,505
26,1596144,8,2,1797686,590
38,1043115,6,1,1575869,400
26,6779911,6,1,4777946,460
3,9197408,2,3,5908444,915
9,1700648,1,2,1415388,745
28,5187007,2,1,3802204,490
12,1942101,8,2,1725260,660
20,5790343,6,1,4064205,490
34,7979617,10,3,5917770,680
2,5656104,7,3,3838662,870
20,7056216,6,2,4923729,640
2,6369429,5,1,4036657,590
18,4049198,3,1,2934518,530
15,8184631,2,3,5540778,855
23,909035,6,1,1195421,475
16,1587217,2,3,1602330,850
32,3702793,10,2,3211675,540
7,1665951,2,1,1269570,595
47,7974963,10,1,5974977,315
6,3997417,2,2,2748450,750
7,3926042,5,2,2770625,715
11,8051706,8,2,5371023,665
6,5534919,4,3,3800951,880
1,8335085,2,3,5351051,925
38,6150359,5,3,4825215,710
48,8779359,6,3,6617615,650
48,5972510,10,1,4793506,310
47,161380,1,2,1251828,555
33,3432482,8,1,2939489,405
34,5486605,3,1,4116963,450
5,8753826,10,1,5602295,525
50,7221288,2,3,5662772,680
33,748001,8,1,1328800,405
29,2241647,8,1,2144988,425
50,8055355,10,1,6083213,300
3,2160620,7,1,1561372,565
39,8909486,2,2,6355691,585
27,1767512,2,2,1830507,645
24,3760859,7,1,2941515,460
50,4385990,6,3,4021594,640
47,555733,5,1,1448439,365
6,7621066,3,1,4837639,590
25,7128056,6,1,4966833,465
4,8168118,1,1,5095870,620
16,5949440,1,3,4204664,860
24,3828885,6,2,3067331,620
38,4170121,3,3,3607072,730
35,8838778,2,2,6233266,605
28,3157789,10,1,2704673,410
21,2127668,3,3,2041600,815
24,9369808,6,2,6391884,620
44,7234794,4,3,5580876,690
35,5370250,9,2,4257150,535
15,9243174,10,1,6095904,475
26,1564480,9,3,1893688,730
24,4293556,2,1,3186133,510
36,6107266,9,3,4819359,680
28,2483263,7,3,2454957,740
9,7714711,10,1,5058826,505
26,1322329,4,2,1573397,630
7,9803557,2,3,6352134,895
43,943753,1,3,1741251,725
9,2422376,2,1,1763425,585
7,1217754,2,3,1200652,895
43,8004953,1,2,5877971,575
23,3504151,6,3,2952490,775
48,9722687,8,3,7213612,630
12,2112083,2,2,1737249,720
2,9425514,5,3,6070308,890
28,9166947,10,1,6310168,410
43,626545,6,2,1525927,525
8,7830540,7,2,5163324,690
46,4894871,3,2,4101922,540
17,9043770,7,3,6171262,795
7,4568176,6,2,3170905,705
14,5647916,4,3,4028749,840
47,4553105,3,1,3816863,385
33,1647048,1,2,1863228,625
28,6813777,4,3,5008266,770
34,2565710,5,1,2394426,430
11,9702193,9,3,6476315,805
21,7955908,6,2,5483544,635
43,5226099,9,3,4430659,645
9,6610861,7,2,4451516,685
28,1029646,7,2,1482787,590
21,5731223,10,3,4308733,745
14,5637006,2,3,3992203,860
24,7490595,7,2,5279357,610
14,7871227,6,3,5392736,820
42,5848658,4,3,4709194,700
30,7948562,7,3,5774137,730
23,1960743,10,3,2086445,735
6,2304671,4,2,1762802,730
24,5566769,10,1,4070061,430
46,5637677,4,2,4562606,530
43,2871327,1,3,2897796,725
22,4309808,1,1,3140884,530
8,2162996,3,3,1802797,880
43,8872104,1,3,6498262,725
8,2637421,9,2,2077452,670
45,1528424,2,1,1947054,405
3,7779035,8,3,5147421,855
46,8259162,2,1,6005497,400
16,1350009,5,3,1505005,820
30,8930341,4,3,6318204,760
26,7841048,10,1,5474628,420
3,7005643,2,3,4593385,915
38,4408768,1,1,3520260,450
13,6873341,9,1,4619004,495
22,3777141,1,1,2821284,530
15,4253949,4,3,3212369,835
20,9484011,2,3,6420406,830
16,9581480,2,2,6298888,700
9,9050066,5,2,5885039,705
10,2284808,3,1,1715884,570
29,4381925,10,3,3659155,705
14,9842565,3,2,6430539,700
45,3794861,5,2,3451916,525
5,9215626,4,1,5789375,585
35,4255837,2,3,3583502,755
22,3286526,6,3,2801915,780
47,7459373,5,3,5790623,665
36,7473650,9,2,5539190,530
25,1102767,6,3,1551660,765
6,1424446,5,3,1349667,870
43,1344665,4,1,1826799,395
47,8110325,7,3,6211195,645
44,5913743,9,2,4763245,490
27,8520286,5,1,5827171,465
8,1912723,5,3,1682633,860
22,7728138,6,1,5266882,480
37,7648118,1,3,5643870,755
24,5497995,8,3,4198797,750
28,6464697,3,2,4683818,630
28,3438812,2,2,2853287,640
28,6934743,6,2,5010845,600
26,8752215,1,2,5986329,660
8,5902485,2,2,3931491,740
26,1600044,7,2,1785026,600
20,3043979,7,3,2631387,780
11,3784230,6,2,2780538,685
39,6384544,3,3,4955726,725
20,9466254,7,3,6484752,780
27,9560266,9,1,6511159,425
24,7651617,5,1,5245970,480
38,1674841,7,1,1969904,390
44,9375487,2,2,6735292,560
27,7067718,3,3,5125630,785
38,4747418,5,1,3783450,410
50,9460478,10,2,7026286,450
17,8749552,4,2,5849731,675
47,4714720,4,1,3928832,375
45,3877235,1,1,3341341,415
3,5347853,5,2,3543711,735
1,584315,3,1,515589,615
38,5717748,1,1,4305648,450
10,3095067,10,2,2407040,650
23,7313276,9,1,5082965,445
10,3287523,5,2,2447513,700
4,4633277,4,1,3019966,590
38,6531098,2,2,4908658,590
10,678010,3,1,751806,570
32,236789,2,3,1112073,770
29,3852629,2,1,3021577,485
17,8772032,6,3,5993219,805
38,6878373,8,2,5207023,530
11,452603,4,1,651561,555
39,4289321,8,3,3773592,675
45,2770120,8,1,2782072,345
6,878400,1,1,762040,610
1,2284361,1,1,1505616,635
22,4167577,1,1,3055546,530
25,3067484,5,2,2615490,625
13,8459376,6,1,5525625,525
31,1334739,4,2,1680843,605
12,4295600,3,1,2962360,560
44,4790111,7,1,3959066,360
5,8240683,7,1,5249409,555
36,6077672,3,3,4711603,740
12,8929252,1,2,5812551,730
11,6796950,9,2,4633170,655
10,8931623,8,2,5878973,670
31,2586838,5,1,2347102,445
46,2313305,10,2,2657983,470
11,880150,5,1,923090,545
16,750081,7,1,975048,500
45,7933018,4,2,5919810,535
18,836219,9,3,1296731,770
14,1917799,3,3,1775679,850
7,6101398,4,2,4060838,725
16,5063689,8,3,3778213,790
4,1045180,8,2,1027108,700
31,2924246,1,1,2489547,485
38,446105,10,3,1477663,660
29,1820189,6,2,1962113,595
19,2080067,1,1,1743040,545
5,6693744,8,2,4436246,695
44,2944858,10,2,2996914,480
28,101774,10,1,871064,410
13,5354393,1,3,3787635,875
38,263359,1,3,1233015,750
26,7700368,2,1,5270220,500
17,7354991,1,2,4967994,705
28,831893,4,3,1419135,770
24,9784170,3,1,6495502,500
4,1349962,4,3,1249977,890
20,185604,5,3,886362,800
44,5003536,7,2,4187121,510
15,4902961,6,2,3531776,665
30,521513,1,1,1027907,490
43,1532303,4,3,2139381,695
38,3950774,1,2,3345464,600
41,496506,5,2,1392903,545
5,1329004,7,1,1102402,555
12,2416412,8,1,1909847,510
12,5732584,1,1,3794550,580
29,7378861,5,3,5382316,755
23,3526608,9,1,2810964,445
35,2251632,9,3,2485979,685
7,7398733,6,1,4769239,555
5,728560,4,3,897136,885
39,7471062,6,1,5452637,395
22,490035,7,2,1039021,620
8,6742184,7,3,4610310,840
1,4000981,3,1,2565588,615
15,708443,9,1,960065,485
45,4616250,5,2,3944750,525
35,417348,5,2,1225408,575
34,2340127,1,2,2299076,620
6,5258548,6,2,3565128,710
1,2711282,5,1,1821769,595
26,2159583,3,1,1960749,490
41,1442894,10,2,2035736,495
16,9584054,5,1,6245432,520
42,9235744,7,2,6686446,520
15,2159808,5,1,1770884,525
31,6758756,8,2,4995253,565
38,4613022,9,2,3862813,520
23,1218442,3,2,1436065,655
44,9202809,8,3,6821685,650
9,3215524,5,3,2484314,855
18,1452907,6,3,1621744,800
49,5565722,5,3,4694433,655
46,600819,7,2,1585491,500
23,2209844,5,2,2060906,635
7,3791733,5,1,2590039,565
11,5377368,3,3,3791420,865
3,9758419,5,2,6190051,735
13,5436221,9,3,3956732,795
19,383467,6,2,900080,645
32,9968829,4,2,6881297,600
34,8599561,10,2,6189736,530
39,9615157,3,3,6894094,725
11,6072940,8,2,4183764,665
32,3994216,8,3,3456529,710
4,1576797,5,3,1401078,880
40,1171119,5,3,1877671,700
41,4223453,5,3,3729071,695
29,3972072,6,1,3153243,445
38,6703273,1,3,5096963,750
48,8067558,7,2,6105534,490
15,4997616,8,3,3718569,795
35,9963741,6,2,6968244,565
45,6255792,1,2,4868475,565
20,3197208,3,3,2663324,820
11,8627484,2,1,5526490,575
19,242311,4,3,885386,815
23,8923893,6,3,6204335,775
14,1510315,3,3,1531189,850
11,2757853,4,2,2134711,705
33,4214589,8,2,3508753,555
27,9292649,2,3,6445589,795
38,4098883,5,1,3394329,410
20,7161611,1,1,4811966,540
49,2599811,10,2,2889886,455
14,3563802,8,2,2738281,650
42,6230318,7,2,4883190,520
16,1685401,10,3,1781240,770
15,3839697,9,1,2838818,485
38,7874915,5,3,5859949,710
43,4197538,10,3,3828522,635
25,2654955,5,2,2367973,625
15,7611573,3,2,5111943,695
2,3413489,3,1,2233093,610
46,931853,3,1,1624111,390
2,8317611,9,2,5365566,700
41,9908665,1,2,6980199,585
5,9367433,5,1,5895459,575
47,3789357,6,3,3603614,655
6,2283908,8,3,1910344,840
39,6878859,1,3,5222315,745
48,3037619,5,1,2957571,360
31,517138,4,3,1290282,755
47,5187011,10,1,4302206,315
21,7671275,4,3,5382765,805
30,8972354,6,2,6273412,590
26,554991,3,1,997994,490
15,2836300,5,2,2276780,675
10,4905117,8,2,3463070,670
31,6576405,7,1,4770843,425
18,6368542,6,1,4371125,500
28,5122731,8,3,4053638,730
34,6117800,1,1,4465680,470
12,840157,6,3,1134094,830
26,8393375,5,1,5731025,470
47,2695581,4,2,2817348,525
12,1699542,6,3,1649725,830
5,3908626,8,3,2865175,845
16,1368623,2,3,1471173,850
31,7467772,2,3,5430663,775
41,8285891,8,1,6011534,365
8,6093950,5,1,3991370,560
27,1561585,5,1,1651951,465
12,3090570,5,3,2469342,840
19,2112991,9,2,1982794,615
17,5832994,10,3,4289796,765
25,9790560,9,1,6609336,435
9,234399,4,1,480639,565
37,4361418,5,3,3731850,715
47,777816,8,1,1626689,335
5,6403509,5,2,4217105,725
7,8022037,5,3,5328222,865
31,6760544,7,2,4981326,575
47,4007181,1,1,3459308,405
35,2705457,6,2,2613274,565
9,2555029,4,3,2073017,865
32,3547690,8,3,3188614,710
12,5276028,6,1,3595616,530
29,7025015,9,2,5130009,565
35,6782425,4,2,5029455,585
14,1165250,7,1,1184150,510
40,1671915,2,3,2133149,730
42,2572657,6,3,2773594,680
27,4801330,1,3,3735798,805
33,6570755,5,3,4977453,735
6,9233653,3,1,5805191,590
46,5019812,6,3,4321887,660
24,2536403,1,3,2316841,820
7,2593943,3,2,1941365,735
25,5919155,2,2,4281493,655
50,2192622,9,2,2650573,460
27,1871549,10,2,2012929,565
37,1852539,9,1,2086523,375
19,705686,8,3,1223411,775
19,9535786,10,1,6351471,455
3,1526563,6,3,1365937,875
45,1023213,8,3,1933927,645
45,5096324,1,3,4272794,715
6,7299678,6,3,4889806,860
19,8649572,8,3,5989743,775
50,6614294,6,3,5358576,640
32,4106025,6,1,3293615,430
18,5316052,10,3,3999631,760
50,1596911,5,3,2333146,650
17,9395374,7,3,6382224,795
4,6708396,4,2,4365037,740
6,4374541,10,2,3094724,670
20,9759176,8,3,6675505,770
47,6754206,2,1,5122523,395
5,9266682,9,1,5895009,535
43,4873227,5,3,4158936,685
21,6831227,2,2,4748736,675
21,6393092,3,3,4600855,815
36,6332098,6,3,4909258,710
18,7324557,4,3,5114734,820
22,8246610,2,1,5517966,520
20,3275895,5,3,2740537,800
39,3383109,8,3,3229865,675
17,9013836,7,2,6053301,645
4,1648844,4,2,1329306,740
5,1594845,7,3,1461907,855
44,2226867,3,1,2361120,400
24,5910253,9,1,4261151,440
31,4361508,4,3,3596904,755
17,543201,7,1,870920,495
37,5006073,7,3,4148643,695
24,1572295,5,1,1598377,480
4,2419378,6,1,1721626,570
39,9780826,7,3,7053495,685
36,2169339,10,1,2271603,370
35,9452233,7,1,6576339,405
34,2969147,4,3,2821488,740
24,3642857,9,2,3000714,590
25,1307638,5,3,1659582,775
2,9665322,3,2,6084193,760
11,9440572,2,1,6014343,575
31,3676128,9,3,3260676,705
25,2509269,3,3,2350561,795
10,9870671,1,3,6437402,890
21,4629546,7,3,3602727,775
28,495559,7,1,1062335,440
20,4081207,6,2,3138724,640
29,4881095,7,2,3813657,585
29,7370286,2,3,5332171,785
26,8824174,1,3,6129504,810
13,8516419,1,3,5684851,875
39,201762,7,3,1306057,685
46,4000455,9,1,3555273,330
39,3836894,5,1,3257136,405
34,9508301,8,3,6804980,700
12,5924081,3,2,4039448,710
48,8941319,4,2,6584791,520
4,352225,10,1,541335,530
5,9387808,2,2,5962684,755
38,5655190,1,2,4368114,600
48,3691085,2,1,3304651,390
20,9299074,1,3,6294444,840
5,2336232,1,3,1816739,915
12,1539366,9,3,1598619,800
2,2419264,1,3,1806558,930
6,3543472,3,2,2491083,740
39,2497891,7,1,2483734,385
39,3818495,1,3,3386097,745
29,6662412,7,3,4982447,735
1,944452,9,1,821671,555
25,4295301,5,3,3452180,775
44,6077111,4,3,4886266,690
8,3518703,7,1,2476221,540
48,578100,9,2,1641860,470
8,6577205,8,2,4426323,680
39,3547927,7,2,3213756,535
24,1087373,9,3,1567423,740
31,2979323,7,2,2712593,575
48,2756638,1,2,2828982,550
29,5369374,2,3,4131624,785
39,9126740,3,1,6401044,425
11,3386183,6,3,2641709,835
12,8453893,10,2,5662335,640
26,2925941,1,3,2590564,810
47,9726574,9,2,7110944,475
21,3878663,10,1,2997197,445
20,1018371,9,3,1446022,760
7,9559795,9,2,6210877,675
21,5518879,2,1,3861327,525
22,7746737,6,3,5478042,780
23,5280920,2,2,3858552,665
48,7222663,9,2,5628597,470
45,1003545,4,1,1662127,385
36,9422103,10,1,6623261,370
20,5779020,8,3,4287412,770
20,7907880,9,1,5379728,460
34,4927929,7,3,4041757,710
34,1983845,7,3,2275307,710
23,3760748,7,1,2921448,465
31,6609427,6,2,4875656,585
25,166580,6,1,789948,465
13,4967968,7,2,3545780,665
36,3521814,8,3,3253088,690
41,9184297,5,2,6605578,545
41,8956690,6,3,6584014,685
20,6590019,4,1,4514011,510
27,5668229,2,3,4270937,795
32,1052100,5,1,1446260,440
36,6179280,9,3,4862568,680
26,917063,7,2,1375237,600
30,2360871,3,2,2261522,620
34,9324933,2,2,6504959,610
4,5824348,7,1,3779608,560
34,7670725,4,2,5542435,590
42,1594969,4,1,1956981,400
7,9321680,9,1,5968008,525
15,8740436,1,2,5759261,715
22,2214888,10,1,2018932,440
10,9297647,1,3,6093588,890
17,2640240,10,1,2174144,465
10,9778031,6,1,6256818,540
6,1872877,10,3,1693726,820
7,248716,6,2,579229,705
44,8737536,1,2,6337521,570
44,6011984,1,1,4602190,420
33,5904198,2,2,4432518,615
48,6414705,8,2,5128823,480
45,629149,4,2,1537489,535
41,2702241,10,1,2691344,345
5,8823564,6,2,5684138,715
25,291014,1,1,789608,515
36,5657639,3,2,4359583,590
30,2504079,5,3,2477447,750
33,8918746,2,1,6141247,465
4,9389429,1,1,5828657,620
43,5846585,4,3,4727951,695
17,2257634,2,1,1824580,545
20,5490201,8,1,3914120,470
9,1582517,8,3,1549510,825
37,7045218,10,3,5417130,665
48,6483048,4,3,5209828,670
41,7619708,3,2,5636824,565
6,3097260,5,2,2253356,720
1,1574152,5,3,1339491,895
47,4764339,5,2,4073603,515
15,6165500,10,2,4349300,625
28,6789376,1,1,4748625,500
29,8994803,6,3,6366881,745
35,6470038,6,3,4972022,715
5,2173700,9,3,1839220,835
24,6227183,4,3,4576309,790
39,2279555,4,1,2307733,415
43,7360093,5,1,5451055,385
29,8617108,5,3,6125264,755
34,3963624,8,1,3278174,400
31,5088100,5,2,3947860,595
2,9306707,9,3,6059024,850
40,9023182,9,1,6448909,360
7,5498242,7,1,3643945,545
41,4683566,8,1,3850139,365
2,2536149,10,3,2011689,840
26,1457214,2,3,1724328,800
18,8198473,8,1,5499083,480
46,6386840,1,3,5067104,710
14,2255375,6,1,1823225,520
34,4785930,9,1,3786558,390
14,1231695,1,3,1334017,870
31,5932005,5,2,4454203,595
36,6441875,7,2,4890125,550
28,2379872,8,3,2407923,730
18,827306,9,2,1191383,620
4,6200849,2,2,4030509,760
31,1106223,1,2,1498733,635
28,2166053,3,2,2104631,630
18,6222755,2,2,4323653,690
34,5928742,9,1,4472245,390
39,1616740,9,3,2185044,665
20,6760425,9,2,4791255,610
31,819463,5,1,1286677,445
28,1308163,8,3,1764897,730
15,2752595,8,2,2271557,645
18,2327478,7,3,2161486,790
23,8035515,2,3,5611309,815
13,8298968,2,2,5469380,715
13,4800803,6,1,3330481,525
3,4748172,1,1,3023903,625
49,6549094,5,3,5284456,655
49,2216093,7,2,2614655,485
8,5474387,3,3,3789632,880
24,9010062,10,3,6336037,730
48,8250124,6,2,6200074,500
18,5464433,6,1,3828659,500
6,3495742,8,2,2537445,690
39,5221271,2,1,4042762,435
9,8240672,2,2,5354403,735
41,9283715,7,1,6595229,375
7,6079769,6,1,3977861,555
8,6880549,2,2,4518329,740
19,3667711,10,2,2930626,605
10,7760544,4,3,5216326,860
36,8248041,9,3,6103824,680
11,1020453,2,3,1162271,875
41,7581778,3,3,5714066,715
13,3043390,3,1,2231034,555
16,1977899,6,2,1796739,660
46,7816978,3,3,5955186,690
39,4272764,3,3,3688658,725
46,4931796,1,3,4194077,710
7,9577441,4,1,6046464,575
8,8029378,1,3,5292626,900
35,2931289,4,2,2718773,585
43,3735269,3,1,3246161,405
37,1911106,5,3,2261663,715
4,4654230,3,3,3217538,900
47,9886297,3,2,7116778,535
30,4812241,6,1,3677344,440
48,9594045,6,3,7106427,650
42,8144839,1,3,6041903,730
47,2190400,5,2,2529240,515
31,6756758,2,3,5004054,775
1,8646942,2,1,5338165,625
20,7904127,5,2,5417476,650
31,1811166,9,2,2041699,555
18,6607734,3,3,4669640,830
13,1490248,1,3,1469148,875
48,8023220,9,3,6208932,620
13,4667371,10,1,3310422,485
12,1668545,10,3,1691127,790
21,7406552,2,3,5193931,825
9,3339583,4,2,2443749,715
8,1957001,4,1,1494200,570
34,1096568,9,1,1572940,390
18,7094326,8,2,4936595,630
31,3009277,8,3,2845566,715
48,6417851,5,3,5185710,660
27,7663497,2,2,5368098,645
37,2096775,4,1,2158065,425
27,2288014,9,1,2147808,425
39,3937045,2,3,3472227,735
40,9989803,2,2,7023881,580
48,2220399,10,1,2542239,310
39,1762633,9,1,2072579,365
34,1931202,6,1,2028721,420
37,4704550,9,2,3897730,525
29,2788275,2,3,2582965,785
48,7638874,2,1,5673324,390
36,8038467,5,1,5718080,420
46,7205812,7,3,5648487,650
14,6641065,4,2,4524639,690
4,466751,3,1,505050,600
49,3158142,6,2,3164885,495
7,5678648,3,3,3892188,885
15,8643317,7,3,5890990,805
33,8007446,10,2,5814467,535
3,4940259,10,3,3474155,835
46,8106392,9,1,6018835,330
48,3814950,3,2,3493970,530
30,3193420,6,2,2806052,590
23,308270,6,2,934962,625
3,1309700,4,2,1105820,745
8,2678967,4,3,2127380,870
39,7707935,1,3,5719761,745
24,8844677,9,2,6121806,590
46,2983102,8,1,2929861,340
22,8470020,2,3,5852012,820
29,6735829,1,1,4736497,495
24,1588549,1,1,1548129,520
22,1998011,8,3,2058806,760
46,7511051,8,2,5746630,490
24,5302493,2,3,3991495,810
30,3410173,5,2,2921103,600
38,5487369,3,3,4397421,730
11,4443637,6,3,3276182,835
19,2348417,5,3,2164050,805
25,9209660,7,1,6230796,455
2,8172809,1,2,5158685,780
7,7028613,6,2,4647167,705
34,597214,7,1,1243328,410
47,9614650,6,3,7098790,655
13,4273317,8,3,3243990,805
24,9755588,7,2,6638352,610
34,132798,9,3,1194678,690
50,9248472,6,2,6839083,490
19,6802636,3,3,4806581,825
3,543720,3,1,531232,605
39,4890062,1,2,3929037,595
49,532637,9,2,1634582,465
3,2266615,10,1,1669969,535
33,6112013,3,1,4472207,455
48,3685634,3,2,3416380,530
18,1174273,1,2,1279563,700
47,855963,4,1,1613577,375
23,8806702,7,1,5949021,465
47,7793283,2,3,5945969,695
46,9785620,1,1,6906372,410
34,3402215,1,3,3036329,770
10,8369203,7,3,5626521,830
41,9365370,2,1,6569222,425
41,1559596,7,1,1960757,375
43,4157436,1,1,3469461,425
3,893273,4,1,755963,595
29,7621694,10,2,5503016,555
40,7858358,7,2,5820014,530
43,7177719,3,3,5511631,705
8,9103628,7,3,6027176,840
11,8122009,9,1,5328205,505
49,6309244,4,3,5125546,665
34,6927466,7,1,5041479,410
50,9171373,7,2,6807823,480
37,8514882,7,3,6253929,695
28,3770372,2,1,2952223,490
45,6937475,7,1,5267485,355
50,4314030,5,3,3963418,650
47,9939568,10,3,7353740,615
26,9356464,6,1,6323878,460
17,1062694,10,3,1427616,765
14,4014512,6,3,3078707,820
26,3987469,9,1,3147481,430
25,3537154,4,2,2882292,635
46,6066331,10,3,5009798,620
43,9624634,5,1,6809780,385
6,8905292,4,3,5823175,880
15,5583570,8,1,3870142,495
19,8830284,4,2,5938170,665
42,2282926,5,3,2584755,690
28,8343316,4,2,5825989,620
30,4117774,9,2,3405664,560
33,6513511,2,2,4798106,615
48,7263389,6,1,5508033,350
3,414508,8,1,528704,555
12,9993420,2,2,6466052,720
50,3770892,3,3,3607535,670
16,6076777,6,1,4156066,510
44,9888844,3,3,7158306,700
42,3769210,1,3,3416526,730
3,1904304,5,2,1477582,735
4,2250305,5,1,1605183,580
49,7421427,8,2,5752856,475
7,7291447,10,3,4964868,815
34,7885764,10,1,5661458,380
31,2857420,9,2,2669452,555
20,4837545,4,1,3462527,510
15,5614563,10,1,3918737,475
24,3258563,10,3,2885137,730
41,7639987,4,1,5563992,405
7,8561159,7,1,5481695,545
10,3974630,7,2,2889778,680
9,6313834,1,3,4283300,895
42,3566847,6,3,3370108,680
23,3313265,4,3,2807959,795
47,1659183,5,1,2110509,365
29,5735724,4,1,4181434,465
45,4983499,4,1,4050099,385
29,8295963,2,1,5687577,485
12,1846648,3,1,1492988,560
33,8511306,3,3,6111783,755
33,8173003,2,1,5693801,465
8,3608670,2,1,2455202,590
46,5171232,6,1,4212739,360
49,978900,8,2,1887340,475
47,6001185,5,3,4915711,665
2,8514758,5,1,5323854,590
36,1648985,1,3,2024391,760
44,5699230,6,1,4489538,370
26,5631092,10,3,4348655,720
15,6854654,3,3,4757792,845
50,5719839,2,2,4661903,530
27,6788132,7,1,4817879,445
46,8028487,1,1,5852092,410
20,5219477,3,1,3676686,520
35,4281363,9,3,3703817,685
30,463903,10,2,1228341,550
28,8265051,4,3,5879030,770
43,4165018,3,3,3704010,705
27,7720604,9,2,5507362,575
11,1363795,10,3,1488277,795
28,9798835,10,2,6789301,560
10,1302724,3,3,1326634,870
22,5055219,7,3,3878131,770
16,7931991,2,1,5209194,550
35,3390345,7,2,3039207,555
32,2977487,6,2,2716492,580
2,1093785,9,1,931271,550
14,384046,3,1,655427,550
8,8357937,3,2,5419762,730
17,4372255,8,2,3283353,635
37,8643075,5,2,6200845,565
31,7235833,4,1,5121499,455
43,686554,3,2,1516932,555
42,2778230,7,3,2911938,670
44,5054519,8,1,4132711,350
9,3744377,9,3,2861626,815
15,872207,2,3,1153324,855
28,8543729,8,3,6106237,730
14,1866148,8,2,1719688,650
2,9691624,8,2,6174974,710
50,6213459,5,2,5003075,500
32,9078166,8,2,6406899,560
50,6030712,3,2,4863427,520
14,3610235,2,3,2776141,860
30,1719950,1,3,1946970,790
5,6503631,4,2,4262178,735
11,1019261,6,3,1221556,835
18,1870854,7,2,1787512,640
29,1997620,9,1,2013572,415
1,2731265,8,3,2078759,865
1,3987697,8,1,2632618,565
49,951007,7,2,1855604,485
47,4168315,3,2,3685989,535
49,4910635,1,1,4041381,395
32,2055192,9,1,2108115,400
39,8704604,7,2,6307762,535
48,3587632,2,1,3242579,390
20,6046993,5,3,4403195,800
19,3605050,2,1,2673030,535
24,1735094,1,3,1836056,820
15,9576610,1,1,6160966,565
3,7493037,5,1,4730822,585
33,8365964,9,1,5914578,395
7,3876068,8,2,2785640,685
43,1621262,1,2,2047757,575
46,6783343,3,2,5235005,540
34,3479685,4,1,2927811,440
49,9613478,5,1,6923086,355
36,717127,2,1,1280276,450
1,1646216,9,3,1442729,855
11,773756,2,1,814253,575
30,5872967,3,2,4368780,620
25,2616334,3,1,2214800,495
3,2002032,5,2,1536219,735
33,8118670,7,3,5936202,715
48,9454834,3,2,6877900,530
48,2629534,1,3,2852720,700
48,4228159,10,2,3846895,460
33,673090,2,1,1193854,465
5,1650415,4,2,1350249,735
48,9012991,6,2,6657794,500
7,7300350,4,1,4680210,575
37,4502798,4,1,3601678,425
42,9366866,10,2,6810119,490
15,9288123,8,3,6292873,795
4,3976331,10,3,2915798,830
45,7392285,8,2,5655371,495
29,9520938,4,2,6552562,615
14,6402258,8,2,4441354,650
30,2568466,8,3,2561079,720
47,7866668,10,1,5910000,315
14,7579033,6,2,5117419,670
16,2265225,10,2,2029135,620
37,3192834,4,2,2915700,575
16,9183018,2,2,6059810,700
46,4263400,4,2,3738040,530
32,5892117,4,3,4535270,750
44,5762121,3,1,4482272,400
21,7374471,4,3,5204682,805
46,1703930,4,2,2202358,530
3,2759598,3,3,2060758,905
50,9116485,1,3,6784891,690
17,1206538,7,3,1468922,795
42,7806468,1,3,5838880,730
25,4510518,3,3,3551310,795
10,4998720,5,2,3474232,700
50,6134272,8,1,4900563,320
32,6247684,3,3,4733610,760
39,3717959,6,2,3300775,545
49,2637579,6,2,2852547,495
30,1115015,3,1,1414009,470
7,9440294,7,1,6009176,545
36,5041510,6,1,3934906,410
1,3437843,2,2,2312705,775
6,7588534,4,2,4933120,730
17,3189313,8,2,2573587,635
46,2841001,6,3,3014600,660
12,2988897,3,3,2378338,860
40,2286058,4,3,2531634,710
2,4499108,6,2,3029464,730
10,7530214,2,2,4948128,730
24,3480898,10,2,2918538,580
41,3213039,6,2,3037823,535
33,2733402,5,1,2475041,435
5,8927002,10,3,5906201,825
30,3869459,5,2,3196675,600
44,2577066,8,1,2646239,350
25,5784424,1,1,4085654,515
43,1356325,1,2,1888795,575
46,7554414,10,3,5902648,620
20,9673643,7,3,6609185,780
37,4735499,6,2,3871299,555
3,7593086,9,3,5050851,845
34,2416992,7,1,2335195,410
43,7417085,1,2,5525251,575
42,9838092,6,3,7132855,680
33,6873759,6,1,4974255,425
41,6218402,4,3,4911041,705
26,9519023,6,3,6621413,760
35,7946716,3,1,5613029,445
15,7562517,8,1,5057510,495
46,7962283,7,3,6102369,650
42,1621374,10,3,2262824,640
23,5589889,6,1,4003933,475
22,4044326,2,2,3096595,670
10,9889798,8,3,6553878,820
19,3855115,8,1,2913069,475
27,9777920,2,3,6736752,795
10,2114766,9,1,1703859,510
4,713895,9,3,943337,840
46,5277280,10,2,4436368,470
17,8673539,4,1,5704123,525
37,3962496,10,3,3567497,665
26,6681393,7,1,4733835,450
27,1973324,1,3,2038994,805
45,1361211,9,2,2051726,485
40,2267550,3,1,2305530,420
24,2994398,10,2,2626638,580
42,8153879,6,1,5922327,380
7,9452474,3,3,6156484,885
2,6385147,5,2,4146088,740
34,5297278,9,2,4193366,540
13,5643202,8,2,3965921,655
50,3501893,8,3,3521135,620
37,5277774,5,2,4181664,565
26,2634457,5,3,2475674,770
41,6565475,8,2,5079285,515
38,2952875,6,2,2821725,550
13,7954862,3,2,5277917,705
30,8486570,7,1,5896942,430
13,4118642,3,1,2876185,555
37,5135852,1,3,4136511,755
43,5394552,7,2,4401731,515
3,9342592,1,2,5880555,775
23,1478360,5,3,1722016,785
5,4740250,6,2,3234150,715
44,6672652,9,2,5218591,490
4,3654857,6,1,2462914,570
48,5288235,5,1,4307941,360
32,9015231,8,2,6369138,560
25,5802660,9,2,4316596,585
30,6702334,5,3,4996400,750
6,892526,9,1,890515,530
29,1913878,3,1,1873326,475
48,6335487,9,3,5196292,620
17,2687332,3,1,2097399,535
23,7866320,3,1,5324792,505
29,8093439,7,2,5741063,585
7,6587570,4,2,4352542,725
37,5035839,10,2,4111503,515
42,3920437,4,3,3552262,700
6,5060857,7,3,3561514,850
31,725442,1,2,1270265,635
16,9638386,2,2,6333031,700
42,631796,7,1,1424077,370
34,3378760,6,2,2997256,570
43,6946909,9,2,5363145,495
4,1146589,9,2,1102953,690
11,1311898,3,1,1152138,565
49,1890597,5,3,2489358,655
38,3827045,3,3,3401227,730
4,1676120,1,3,1400672,920
34,4857785,4,1,3754671,440
13,9871029,9,2,6517617,645
1,2814555,7,2,2013733,725
39,1086179,8,3,1851707,675
44,4484461,5,2,3845676,530
3,5035459,6,3,3471275,875
32,7033897,8,3,5280338,710
2,6113849,1,2,3923309,780
49,9624733,1,3,7069839,695
21,2271003,4,2,2042601,655
33,4211587,8,3,3606952,705
15,9931835,8,3,6679101,795
34,461054,1,2,1171632,620
22,2427982,1,2,2111789,680
2,5952751,2,2,3841650,770
35,1880039,3,3,2173023,745
31,3804031,4,1,3062418,455
34,9571046,10,1,6672627,380
33,6280049,9,3,4863029,695
32,9167389,3,1,6285433,460
18,1687270,2,2,1602362,690
28,1803016,2,3,1971809,790
1,6804296,6,1,4292577,585
49,4158450,2,3,3805070,685
1,3544394,5,3,2521636,895
16,2060054,1,1,1671032,560
33,2330449,7,2,2363269,565
50,6095130,7,1,4862078,330
20,3148911,7,2,2594346,630
37,1526448,5,1,1830868,415
30,2912766,1,2,2562659,640
14,7985545,2,3,5401327,860
4,8810937,7,3,5771562,860
11,4247891,5,3,3143734,845
48,9971956,2,2,7173173,540
33,757545,2,2,1344527,615
30,9068715,4,1,6201229,460
5,9582897,10,3,6299738,825
10,9274521,7,1,5969712,530
27,5031565,8,2,3878939,585
26,6544783,4,1,4606869,480
23,2870880,4,2,2442528,645
3,9663956,7,2,6163373,715
46,5435098,6,1,4371058,360
8,6779241,10,2,4577544,660
15,7188345,8,1,4833007,495
25,9746821,3,3,6693092,795
16,6758904,5,3,4750342,820
27,6148399,7,2,4534039,595
29,2871236,10,3,2752741,705
31,9645330,1,3,6722198,785
12,9031546,4,2,5918927,700
29,1569619,1,2,1736771,645
4,7797563,3,3,5103537,900
7,7301479,1,1,4635887,605
39,5489928,9,1,4308956,365
37,7912764,5,2,5762658,565
30,2292542,8,2,2295525,570
41,239693,4,2,1223815,555
15,5997864,7,1,4103718,505
10,7557713,5,3,5109627,850
45,555154,5,3,1608092,675
6,5721163,9,1,3787697,530
6,7342311,5,2,4800386,720
10,9517182,4,1,6070309,560
27,3891028,6,2,3164616,605
7,4031497,9,3,2993898,825
5,5034452,1,2,3335671,765
37,1898770,9,1,2114262,375
7,309557,5,2,600734,715
1,9830700,3,3,6263420,915
23,9646135,5,3,6622681,785
49,8827557,1,1,6391534,395
27,8284740,4,3,5870844,775
18,7578647,6,1,5097188,500
5,5542947,1,3,3740768,915
45,8311812,6,1,6077087,365
18,1189748,10,1,1323848,460
3,546282,4,3,747769,895
41,5534642,3,3,4485785,715
20,4375250,8,3,3445150,770
28,3830259,1,3,3173155,800
34,1373489,4,1,1664093,440
7,3862751,6,1,2647650,555
25,6705635,9,1,4758381,435
22,1714330,2,2,1698598,670
28,4939593,8,1,3743755,430
7,3470587,8,3,2642352,835
24,5199461,3,3,3944676,800
20,5983422,2,1,4120053,530
7,6093507,10,2,4146104,665
11,3017433,9,3,2465459,805
48,2458306,1,2,2649983,550
18,3605909,6,3,2913545,800
22,6597711,8,2,4718626,610
45,5768164,10,3,4810898,625
15,3328612,1,1,2412167,565
25,1312047,7,2,1592228,605
21,2273434,2,1,1914060,525
37,3553814,9,2,3207288,525
23,4615285,5,1,3404171,485
50,7139810,1,2,5498886,540
50,6734477,1,3,5355686,690
46,1423447,6,1,1964068,360
46,9523928,4,3,6994356,680
29,5400017,6,3,4210010,745
4,630598,5,3,833358,880
14,4884722,3,2,3455833,700
45,9412810,8,3,6967686,645
33,6985855,7,1,5056513,415
3,5654329,9,3,3887597,845
32,6218018,6,2,4660810,580
11,772103,8,2,1003261,665
9,2992187,3,2,2220312,725
37,4004280,8,3,3562568,685
45,8993020,8,1,6515812,345
28,7682644,4,2,5429586,620
48,4759858,2,3,4145914,690
23,8306511,1,3,5758906,825
14,4276069,9,2,3180641,640
38,4085692,4,1,3371415,420
2,8176018,4,2,5205610,750
49,566284,7,3,1724770,635
9,3799331,9,3,2894598,815
5,9245636,1,1,5762381,615
26,5411648,9,2,4101988,580
20,5773457,2,1,3994074,530
27,3575015,1,1,2800009,505
41,3332562,8,1,3039537,365
17,1753137,6,1,1581882,505
42,1887018,3,3,2317210,710
45,7824851,5,1,5769910,375
24,586932,4,1,992159,490
2,2638619,9,1,1858171,550
48,2858779,1,1,2790267,400
49,9811578,1,1,6981946,395
33,3800087,5,3,3315052,735
20,3774135,9,1,2899481,460
7,8499421,1,2,5454652,755
48,7278247,6,3,5716948,650
11,9547089,8,1,6168253,515
14,2653757,9,3,2307254,790
49,2911694,6,2,3017016,495
44,8281599,1,2,6063959,570
28,2107655,5,2,2099593,610
20,1475630,4,2,1545378,660
7,5706706,2,2,3794023,745
21,6703777,5,1,4617266,495
13,4039852,4,1,2843911,545
12,7913388,4,1,5148032,550
42,7068050,8,1,5300830,360
9,6397304,5,3,4393382,855
48,6694563,6,2,5266737,500
18,972927,2,1,1073756,540
31,4546968,4,3,3708180,755
6,1877160,5,1,1421296,570
45,1007836,7,1,1709701,355
29,2081491,2,3,2158894,785
2,479341,8,3,747604,860
35,2063853,5,1,2113311,425
48,2594283,5,2,2791569,510
47,7844001,1,1,5761400,405
40,8389266,3,2,6078559,570
2,9658036,7,3,6239821,870
45,254334,8,2,1372600,495
16,2000103,6,1,1710061,510
4,7510126,5,2,4861075,730
13,3722889,3,1,2638733,555
39,8759195,4,1,6195517,415
33,5615273,3,3,4374163,755
29,3111295,10,2,2796777,555
43,6726928,1,2,5111156,575
24,8384271,10,1,5760562,430
9,2247347,10,1,1778408,505
30,7411032,5,1,5221619,450
4,6898825,9,2,4554295,690
44,3828662,8,1,3397197,350
4,3241236,7,2,2329741,710
7,4396262,2,2,3007757,745
48,1882002,4,1,2249201,370
38,5636794,7,2,4447076,540
49,7203541,1,1,5417124,395
25,7216905,7,2,5135143,605
46,4431369,3,3,3923821,690
12,3688879,8,2,2773327,660
20,9357623,8,3,6434573,770
21,3414651,5,1,2643790,495
19,2822925,10,1,2323755,455
46,7380281,6,2,5638168,510
9,7224293,2,1,4644575,585
38,3067942,7,1,2805765,390
9,2229690,5,2,1792814,705
9,470566,3,3,807339,875
42,7767375,10,3,5950425,640
13,1082904,9,2,1244742,645
44,5394178,3,2,4361506,550
9,8753712,1,3,5747227,895
38,4880250,9,3,4123150,670
3,9154425,10,2,5902655,685
4,5784106,3,2,3795463,750
34,6647455,7,3,5073473,710
27,8937578,7,1,6107546,445
25,8279346,4,3,5827607,785
32,7115420,6,2,5199252,580
11,9850698,1,2,6345418,735
25,3457832,1,1,2689699,515
34,9711976,3,2,6752185,600
10,1288894,5,2,1248336,700
8,3993295,9,2,2890977,670
45,6414462,5,1,4923677,375
2,9389448,3,1,5818668,610
34,1373662,9,1,1739197,390
12,4955721,2,1,3343432,570
49,310151,10,1,1416090,305
26,8116470,5,2,5664882,620
19,6486804,6,2,4562082,645
3,9116571,10,3,5979942,835
43,5354891,7,1,4277934,365
41,4903206,9,3,4196923,655
27,1126301,1,1,1330780,505
14,7150118,3,2,4815070,700
11,7398115,9,2,4993869,655
41,3949201,8,3,3609520,665
46,1305762,5,2,1978457,520
19,484204,2,3,1000522,835
45,4532656,3,2,3864593,545
4,5805030,3,3,3908018,900
16,1629399,2,2,1527639,700
5,553516,6,3,822109,865
7,5346303,10,1,3597781,515
48,721399,4,3,1752839,670
39,3176285,5,1,2860771,405
12,4774208,4,3,3464524,850
45,7978028,5,1,5861816,375
6,3635012,8,3,2721007,840
32,1830401,8,3,2158240,710
26,2493835,8,2,2336301,590
7,8218041,9,1,5305824,525
21,4582528,8,2,3489516,615
36,7110728,9,3,5421436,680
39,2043267,3,3,2350960,725
41,6896998,1,3,5273198,735
48,8593581,8,3,6536148,630
38,5591902,6,2,4405141,550
9,5084356,1,2,3445613,745
29,1700637,1,2,1815382,645
48,2992311,4,2,3015386,520
40,4874224,8,3,4144534,670
21,9235389,3,2,6206233,665
24,2131664,6,1,1948998,470
14,5677121,9,1,3921272,490
10,8228540,9,1,5372124,510
9,9331107,8,3,6198664,825
40,8108955,4,3,6025373,710
47,7420202,3,2,5637121,535
1,2948307,8,3,2208984,865
37,7666547,8,3,5759928,685
8,2573409,5,2,1979045,710
45,9978577,7,3,7292146,655
31,8993383,5,1,6191029,445
25,5665192,8,1,4119115,445
40,3682283,5,1,3184369,400
5,8933971,2,1,5590382,605
3,5355635,3,1,3418381,605
38,3587158,7,3,3317294,690
3,2426324,10,1,1765794,535
39,9948355,6,3,7139013,695
50,182911,10,1,1359746,300
7,3134764,7,3,2425858,845
29,8034514,1,1,5515708,495
30,2889323,2,3,2663593,780
16,2699687,9,1,2174812,480
35,9914004,3,2,6893402,595
24,3460440,4,1,2716264,490
32,8570723,3,1,5927433,460
10,638966,2,1,713379,580
48,7537303,5,2,5757381,510
49,6876364,6,3,5495818,645
5,4131418,7,3,2983850,855
42,7244406,5,3,5561643,690
46,8876442,4,3,6605865,680
27,9282642,8,2,6429585,585
13,8294594,6,1,5426756,525
22,2894954,4,3,2536972,800
30,9181445,8,3,6528867,720
9,6150960,1,3,4185576,895
19,4301593,2,1,3090955,535
7,6084315,4,2,4050589,725
34,1130877,5,2,1633526,580
5,1383389,2,1,1060033,605
3,5313584,6,1,3438150,575
50,8441454,6,3,6454872,640
46,8179359,3,3,6172615,690
34,7794052,6,3,5746431,720
26,773400,6,1,1174040,460
19,7681531,1,3,5303918,845
3,397382,4,3,658429,895
28,3802153,8,2,3161291,580
41,8926965,4,2,6436179,555
13,4662488,5,2,3332492,685
47,5978073,6,1,4716843,355
9,8429811,6,3,5627886,845
4,762955,6,1,727773,570
47,2372995,2,1,2493797,395
31,8591548,7,3,6179928,725
10,1206101,3,2,1168660,720
43,7100315,1,3,5435189,725
30,7850174,10,3,5760104,700
34,5113586,8,3,4168151,700
24,106941,5,3,919164,780
33,1360501,5,3,1851300,735
24,7736519,10,1,5371911,430
48,8487459,10,3,6502475,610
50,7769953,5,1,5836971,350
14,6112562,7,1,4152537,510
8,4922476,10,2,3463485,660
22,1948749,3,1,1754249,510
14,1348103,3,3,1433861,850
26,2575021,8,3,2485012,740
43,6189028,1,2,4788416,575
39,5885901,5,3,4686540,705
19,2608979,4,1,2105387,515
36,4730280,8,1,3778168,390
17,8583482,5,1,5665089,515
42,865475,3,3,1704285,710
11,7527235,7,1,4941341,525
40,9943266,9,3,7200959,660
43,7220969,8,2,5512581,505
27,6757200,4,1,4754320,475
8,5627408,5,1,3711444,560
23,9722339,9,1,6528403,445
25,2803297,3,1,2326978,495
31,1084961,10,1,1520976,395
25,8130296,3,2,5623177,645
2,5831925,5,2,3814155,740
17,6899915,5,2,4754949,665
33,6344762,3,3,4811857,755
42,300979,10,3,1470587,640
22,7473414,7,1,5129048,470
14,8954883,1,2,5867929,720
19,6720448,10,3,4862268,755
20,7685360,2,3,5341216,830
31,3890475,2,2,3184285,625
4,4590788,8,1,3054472,550
35,4624054,6,2,3764432,565
44,3129062,4,1,2917437,390
14,3415137,8,1,2549082,500
34,4259898,10,2,3585938,530
41,4471283,9,1,3737769,355
38,516122,1,2,1284673,600
28,7117757,6,3,5220654,750
43,5440270,4,2,4384162,545
36,4607256,8,1,3704353,390
16,4689211,3,1,3278526,540
32,2057352,2,2,2104411,620
10,3865869,4,3,2879521,860
38,2823606,2,3,2784163,740
49,4291949,10,1,3805169,305
14,1093722,3,3,1281233,850
42,7881549,1,3,5883929,730
40,812805,6,1,1477683,390
5,953763,9,3,1107257,835
36,4107686,5,2,3459611,570
20,2002960,7,3,2006776,780
27,459072,10,3,1265443,715
3,5543949,2,2,3616369,765
3,5991062,6,3,4044637,875
44,2211770,2,1,2337062,410
47,1050102,6,1,1760061,355
6,6615114,7,1,4294068,550
1,6775064,10,1,4335038,545
4,2570325,2,2,1852195,760
11,5130434,2,1,3428260,575
19,1953209,2,2,1781925,685
4,2494574,6,3,1966744,870
17,1104823,5,1,1177893,515
12,907626,8,2,1104575,660
28,7335620,8,3,5381372,730
30,2853273,7,2,2616963,580
9,6497783,5,3,4453669,855
42,7560752,2,2,5606451,570
23,7790068,6,3,5524040,775
45,7217743,8,2,5550645,495
35,4603168,2,3,3791900,755
19,9439525,5,3,6418715,805
27,5019056,5,3,3926433,765
10,1542749,1,1,1240649,590
24,5628416,6,2,4147049,620
30,3431420,7,2,2963852,580
31,7162007,3,3,5262204,765
48,7500637,8,1,5680382,330
15,8363328,2,3,5647996,855
43,1819017,4,3,2311410,695
47,9830979,2,3,7168587,695
44,7778146,9,3,5981887,640
23,8061829,3,3,5642097,805
11,1435168,6,3,1471100,835
8,6236219,7,1,4106731,540
38,3438131,4,1,2982878,420
47,9310140,7,2,6831084,495
18,211819,1,1,602091,550
20,5716696,3,3,4175017,820
20,4458599,4,3,3435159,810
43,1441214,4,3,2084728,695
4,4639895,10,1,3113937,530
20,7316739,1,2,5005043,690
12,5332444,7,3,3844466,820
8,4142708,5,2,2920624,710
44,3770429,3,3,3487257,700
14,5823156,2,3,4103893,860
16,1131012,2,2,1228607,700
23,8491719,7,2,5860031,615
4,1003952,6,1,872371,570
22,8972543,2,2,6053525,670
27,6919864,2,3,5021918,795
30,6363168,3,3,4762900,770
36,6997829,7,3,5323697,700
11,5218085,7,2,3655851,675
5,9913400,3,1,6193040,595
43,6715561,1,2,5104336,575
6,1072885,6,2,1053731,710
22,1084182,10,1,1340509,440
12,6124400,8,2,4234640,660
38,7591545,10,1,5564927,360
3,3673858,5,3,2639314,885
27,6569065,5,3,4856439,765
43,1692913,1,2,2090747,575
26,6232351,1,2,4474410,660
34,5472608,7,2,4268564,560
20,8660331,9,3,6031198,760
43,7279146,1,3,5542487,725
47,9857851,6,1,7044710,355
12,7229026,1,1,4692415,580
11,2543854,8,2,2066312,665
15,8648971,7,2,5794382,655
29,4204306,2,2,3332583,635
33,1912495,1,2,2022497,625
16,7628781,6,1,5087268,510
23,7449650,2,2,5159790,665
2,747737,1,2,703642,780
11,8085631,9,1,5306378,505
6,6186209,6,1,4021725,560
41,2979295,10,2,2957577,495
49,8525602,6,1,6285361,345
28,1005970,1,2,1378582,650
47,9834486,2,3,7170691,695
1,5683109,8,3,3849865,865
25,1350629,2,2,1540377,655
29,8212668,6,1,5697600,445
15,8385059,2,1,5461035,555
32,7363017,1,1,5172810,480
23,8901421,4,3,6160852,795
24,2549616,6,3,2399769,770
42,3505027,5,1,3118016,390
7,9703257,9,2,6296954,675
29,3770681,8,3,3262408,725
17,2371569,8,3,2182941,785
40,7822092,8,3,5913255,670
20,6054021,1,1,4147412,540
29,7587077,2,3,5462246,785
29,7016422,9,3,5224853,715
25,1877210,2,3,1956326,805
48,3355716,8,2,3293429,480
20,7580878,5,3,5323526,800
10,2033106,5,3,1794863,850
10,857250,9,1,949350,510
26,5913961,2,1,4198376,500
7,5677927,5,2,3821756,715
40,4119245,3,2,3516547,570
28,5869654,7,1,4286792,440
50,3839230,5,3,3678538,650
18,4292007,1,1,3050204,550
2,4567874,9,3,3215724,850
23,7681440,9,2,5403864,595
35,8731321,10,1,6188792,375
12,836179,7,2,1046707,670
43,828070,1,2,1571842,575
13,8978851,5,2,5922310,685
3,3025099,10,2,2225059,685
10,6794919,5,1,4451951,550
31,5803850,2,3,4432310,775
8,1046477,5,2,1062886,710
34,3993283,8,3,3495969,700
46,3808851,5,2,3480310,520
41,9699454,8,3,7059672,665
40,1739333,9,1,2078599,360
48,7158840,7,1,5460304,340
1,2411041,1,3,1781624,935
